Width,Drop,Cost,ID,prID
610,600,24.05,600122,3,
610,700,25.75,600141,3,
610,800,27.45,600160,3,
610,900,29.15,600179,3,
610,1000,30.85,600198,3,
610,1100,32.55,600217,3,
610,1200,34.25,600236,3,
610,1300,35.95,600255,3,
610,1400,37.65,600274,3,
610,1500,39.35,600293,3,
610,1600,41.06,600312,3,
610,1700,40.47,600331,3,
610,1800,42.77,600350,3,
610,1900,44.37,600369,3,
610,2000,45.98,600388,3,
610,2100,47.58,600407,3,
610,2200,49.19,600426,3,
610,2300,50.79,600445,3,
610,2400,53.43,600464,3,
610,2500,55.04,600483,3,
610,2600,56.64,600501,3,
610,2700,58.25,600518,3,
610,2800,59.85,600535,3,
610,2900,61.45,600551,3,
610,3000,63.06,600566,3,
610,3100,64.66,600580,3,
610,3200,66.27,600594,3,
710,600,27.52,600123,3,
710,700,29.5,600142,3,
710,800,31.48,600161,3,
710,900,33.46,600180,3,
710,1000,35.44,600199,3,
710,1100,37.42,600218,3,
710,1200,39.4,600237,3,
710,1300,41.38,600256,3,
710,1400,43.36,600275,3,
710,1500,42.91,600294,3,
710,1600,44.78,600313,3,
710,1700,46.65,600332,3,
710,1800,49.21,600351,3,
710,1900,51.08,600370,3,
710,2000,52.95,600389,3,
710,2100,54.82,600408,3,
710,2200,56.69,600427,3,
710,2300,58.55,600446,3,
710,2400,61.46,600465,3,
710,2500,63.33,600484,3,
710,2600,65.2,600502,3,
710,2700,67.07,600519,3,
710,2800,68.94,600536,3,
710,2900,70.8,600552,3,
710,3000,72.67,600567,3,
710,3100,74.54,600581,3,
710,3200,76.41,600595,3,
810,600,30,600124,3,
810,700,32.24,600143,3,
810,800,34.49,600162,3,
810,900,36.73,600181,3,
810,1000,38.98,600200,3,
810,1100,41.22,600219,3,
810,1200,43.47,600238,3,
810,1300,43.26,600257,3,
810,1400,45.38,600276,3,
810,1500,47.5,600295,3,
810,1600,49.62,600314,3,
810,1700,51.74,600333,3,
810,1800,54.55,600352,3,
810,1900,56.67,600371,3,
810,2000,58.78,600390,3,
810,2100,60.9,600409,3,
810,2200,63.02,600428,3,
810,2300,65.14,600447,3,
810,2400,68.3,600466,3,
810,2500,70.41,600485,3,
810,2600,72.53,600503,3,
810,2700,74.65,600520,3,
810,2800,76.77,600537,3,
810,2900,78.89,600553,3,
810,3000,81,600568,3,
810,3100,83.12,600582,3,
810,3200,85.24,600596,3,
910,600,32.48,600125,3,
910,700,34.99,600144,3,
910,800,37.5,600163,3,
910,900,40.01,600182,3,
910,1000,42.52,600201,3,
910,1100,42.62,600220,3,
910,1200,44.98,600239,3,
910,1300,47.35,600258,3,
910,1400,49.72,600277,3,
910,1500,52.09,600296,3,
910,1600,54.45,600315,3,
910,1700,56.82,600334,3,
910,1800,59.88,600353,3,
910,1900,62.25,600372,3,
910,2000,64.62,600391,3,
910,2100,66.99,600410,3,
910,2200,69.35,600429,3,
910,2300,71.72,600448,3,
910,2400,75.13,600467,3,
910,2500,77.5,600486,3,
910,2600,79.86,600504,3,
910,2700,82.23,600521,3,
910,2800,84.6,600538,3,
910,2900,86.97,600554,3,
910,3000,89.33,600569,3,
910,3100,91.7,600583,3,
910,3200,94.07,600597,3,
1010,600,35.97,600126,3,
1010,700,38.76,600145,3,
1010,800,41.55,600164,3,
1010,900,44.34,600183,3,
1010,1000,44.6,600202,3,
1010,1100,47.23,600221,3,
1010,1200,49.87,600240,3,
1010,1300,52.5,600259,3,
1010,1400,55.13,600278,3,
1010,1500,57.76,600297,3,
1010,1600,60.39,600316,3,
1010,1700,63.02,600335,3,
1010,1800,66.35,600354,3,
1010,1900,68.98,600373,3,
1010,2000,71.61,600392,3,
1010,2100,74.25,600411,3,
1010,2200,76.88,600430,3,
1010,2300,79.51,600449,3,
1010,2400,83.18,600468,3,
1010,2500,85.81,600487,3,
1010,2600,88.45,600505,3,
1010,2700,91.08,600522,3,
1010,2800,93.71,600539,3,
1010,2900,96.34,600555,3,
1010,3000,98.97,600570,3,
1010,3100,101.6,600584,3,
1010,3200,104.24,600598,3,
1110,600,38.45,600127,3,
1110,700,41.51,600146,3,
1110,800,44.56,600165,3,
1110,900,47.62,600184,3,
1110,1000,47.94,600203,3,
1110,1100,50.82,600222,3,
1110,1200,53.7,600241,3,
1110,1300,56.58,600260,3,
1110,1400,59.47,600279,3,
1110,1500,62.35,600298,3,
1110,1600,65.23,600317,3,
1110,1700,68.11,600336,3,
1110,1800,71.69,600355,3,
1110,1900,74.57,600374,3,
1110,2000,77.45,600393,3,
1110,2100,80.33,600412,3,
1110,2200,83.21,600431,3,
1110,2300,86.09,600450,3,
1110,2400,90.01,600469,3,
1110,2500,92.9,600488,3,
1110,2600,95.78,600506,3,
1110,2700,98.66,600523,3,
1110,2800,101.54,600540,3,
1110,2900,104.42,600556,3,
1110,3000,107.3,600571,3,
1110,3100,110.19,600585,3,
1110,3200,113.07,600599,3,
1210,600,40.93,600128,3,
1210,700,44.25,600147,3,
1210,800,47.57,600166,3,
1210,900,48.15,600185,3,
1210,1000,51.28,600204,3,
1210,1100,54.41,600223,3,
1210,1200,57.54,600242,3,
1210,1300,60.67,600261,3,
1210,1400,63.8,600280,3,
1210,1500,66.93,600299,3,
1210,1600,70.06,600318,3,
1210,1700,73.2,600337,3,
1210,1800,77.02,600356,3,
1210,1900,80.15,600375,3,
1210,2000,83.28,600394,3,
1210,2100,86.41,600413,3,
1210,2200,89.54,600432,3,
1210,2300,92.68,600451,3,
1210,2400,96.85,600470,3,
1210,2500,99.98,600489,3,
1210,2600,103.11,600507,3,
1210,2700,106.24,600524,3,
1210,2800,109.37,600541,3,
1210,2900,112.5,600557,3,
1210,3000,115.63,600572,3,
1210,3100,118.77,600586,3,
1210,3200,121.9,600600,3,
1310,600,45.09,600129,3,
1310,700,48.69,600148,3,
1310,800,49.51,600167,3,
1310,900,52.9,600186,3,
1310,1000,56.3,600205,3,
1310,1100,59.69,600224,3,
1310,1200,63.09,600243,3,
1310,1300,66.49,600262,3,
1310,1400,69.88,600281,3,
1310,1500,73.28,600300,3,
1310,1600,76.67,600319,3,
1310,1700,80.07,600338,3,
1310,1800,83.46,600357,3,
1310,1900,86.86,600376,3,
1310,2000,90.25,600395,3,
1310,2100,93.65,600414,3,
1310,2200,97.04,600433,3,
1310,2300,100.44,600452,3,
1310,2400,104.88,600471,3,
1310,2500,108.27,600490,3,
1310,2600,111.67,600508,3,
1310,2700,115.06,600525,3,
1310,2800,118.46,600542,3,
1310,2900,121.85,600558,3,
1310,3000,125.25,600573,3,
1310,3100,128.64,600587,3,
1310,3200,132.04,600601,3,
1410,600,47.6,600130,3,
1410,700,51.46,600149,3,
1410,800,52.37,600168,3,
1410,900,56.02,600187,3,
1410,1000,59.66,600206,3,
1410,1100,63.31,600225,3,
1410,1200,66.95,600244,3,
1410,1300,70.6,600263,3,
1410,1400,74.24,600282,3,
1410,1500,77.89,600301,3,
1410,1600,81.53,600320,3,
1410,1700,85.18,600339,3,
1410,1800,88.82,600358,3,
1410,1900,92.47,600377,3,
1410,2000,96.11,600396,3,
1410,2100,99.76,600415,3,
1410,2200,103.4,600434,3,
1410,2300,107.05,600453,3,
1410,2400,111.73,600472,3,
1410,2500,115.38,600491,3,
1410,2600,119.02,600509,3,
1410,2700,122.67,600526,3,
1410,2800,126.31,600543,3,
1410,2900,129.96,600559,3,
1410,3000,133.6,600574,3,
1410,3100,137.25,600588,3,
1410,3200,140.89,600602,3,
1510,600,50.08,600131,3,
1510,700,51.32,600150,3,
1510,800,55.21,600169,3,
1510,900,59.1,600188,3,
1510,1000,63,600207,3,
1510,1100,66.89,600226,3,
1510,1200,70.79,600245,3,
1510,1300,74.68,600264,3,
1510,1400,78.58,600283,3,
1510,1500,82.47,600302,3,
1510,1600,86.37,600321,3,
1510,1700,90.26,600340,3,
1510,1800,94.16,600359,3,
1510,1900,98.05,600378,3,
1510,2000,101.95,600397,3,
1510,2100,105.84,600416,3,
1510,2200,109.74,600435,3,
1510,2300,113.63,600454,3,
1510,2400,118.57,600473,3,
1510,2500,122.46,600492,3,
1510,2600,126.36,600510,3,
1510,2700,130.25,600527,3,
1510,2800,134.15,600544,3,
1510,2900,138.04,600560,3,
1510,3000,141.93,600575,3,
1510,3100,145.83,600589,3,
1510,3200,149.72,600603,3,
1610,600,52.56,600132,3,
1610,700,53.9,600151,3,
1610,800,58.05,600170,3,
1610,900,62.19,600189,3,
1610,1000,66.34,600208,3,
1610,1100,70.48,600227,3,
1610,1200,74.63,600246,3,
1610,1300,78.77,600265,3,
1610,1400,82.91,600284,3,
1610,1500,87.06,600303,3,
1610,1600,91.2,600322,3,
1610,1700,95.35,600341,3,
1610,1800,99.49,600360,3,
1610,1900,103.64,600379,3,
1610,2000,107.78,600398,3,
1610,2100,111.93,600417,3,
1610,2200,116.07,600436,3,
1610,2300,120.21,600455,3,
1610,2400,125.4,600474,3,
1610,2500,129.54,600493,3,
1610,2600,133.69,600511,3,
1610,2700,137.83,600528,3,
1610,2800,141.98,600545,3,
1610,2900,146.12,600561,3,
1610,3000,150.27,600576,3,
1610,3100,154.41,600590,3,
1610,3200,158.55,600604,3,
1710,600,53.96,600133,3,
1710,700,58.39,600152,3,
1710,800,62.81,600171,3,
1710,900,67.23,600190,3,
1710,1000,71.66,600209,3,
1710,1100,76.08,600228,3,
1710,1200,80.5,600247,3,
1710,1300,84.93,600266,3,
1710,1400,89.35,600285,3,
1710,1500,93.77,600304,3,
1710,1600,98.2,600323,3,
1710,1700,102.62,600342,3,
1710,1800,107.04,600361,3,
1710,1900,111.47,600380,3,
1710,2000,115.89,600399,3,
1710,2100,120.31,600418,3,
1710,2200,124.74,600437,3,
1710,2300,129.16,600456,3,
1710,2400,134.62,600475,3,
1710,2500,139.05,600494,3,
1710,2600,143.47,600512,3,
1710,2700,147.89,600529,3,
1710,2800,152.32,600546,3,
1710,2900,156.74,600562,3,
1710,3000,161.16,600577,3,
1710,3100,165.59,600591,3,
1710,3200,170.01,600605,3,
1810,600,57.34,600134,3,
1810,700,62.02,600153,3,
1810,800,66.69,600172,3,
1810,900,71.36,600191,3,
1810,1000,76.03,600210,3,
1810,1100,80.71,600229,3,
1810,1200,85.38,600248,3,
1810,1300,90.05,600267,3,
1810,1400,94.73,600286,3,
1810,1500,99.4,600305,3,
1810,1600,104.07,600324,3,
1810,1700,108.75,600343,3,
1810,1800,113.42,600362,3,
1810,1900,118.09,600381,3,
1810,2000,122.76,600400,3,
1810,2100,127.44,600419,3,
1810,2200,132.11,600438,3,
1810,2300,136.78,600457,3,
1810,2400,141.46,600476,3,
1810,2500,146.13,600495,3,
1810,2600,150.8,600513,3,
1810,2700,155.47,600530,3,
1810,2800,160.15,600547,3,
1810,2900,164.82,600563,3,
1810,3000,169.49,600578,3,
1810,3100,174.17,600592,3,
1810,3200,178.84,600606,3,
1910,600,59.71,600135,3,
1910,700,64.63,600154,3,
1910,800,69.55,600173,3,
1910,900,74.47,600192,3,
1910,1000,79.4,600211,3,
1910,1100,84.32,600230,3,
1910,1200,89.24,600249,3,
1910,1300,94.16,600268,3,
1910,1400,99.09,600287,3,
1910,1500,104.01,600306,3,
1910,1600,108.93,600325,3,
1910,1700,113.85,600344,3,
1910,1800,118.78,600363,3,
1910,1900,123.7,600382,3,
1910,2000,128.62,600401,3,
1910,2100,133.55,600420,3,
1910,2200,138.47,600439,3,
1910,2300,143.39,600458,3,
1910,2400,148.31,600477,3,
1910,2500,153.24,600496,3,
1910,2600,158.16,600514,3,
1910,2700,163.08,600531,3,
1910,2800,168,600548,3,
1910,2900,172.93,600564,3,
1910,3000,177.85,600579,3,
1910,3100,182.77,600593,3,
2010,600,62.05,600136,3,
2010,700,67.22,600155,3,
2010,800,72.39,600174,3,
2010,900,77.56,600193,3,
2010,1000,82.73,600212,3,
2010,1100,87.91,600231,3,
2010,1200,93.08,600250,3,
2010,1300,98.25,600269,3,
2010,1400,103.42,600288,3,
2010,1500,108.6,600307,3,
2010,1600,113.77,600326,3,
2010,1700,118.94,600345,3,
2010,1800,124.11,600364,3,
2010,1900,129.28,600383,3,
2010,2000,134.46,600402,3,
2010,2100,139.63,600421,3,
2010,2200,144.8,600440,3,
2010,2300,149.97,600459,3,
2010,2400,155.15,600478,3,
2010,2500,160.32,600497,3,
2010,2600,165.49,600515,3,
2010,2700,170.66,600532,3,
2010,2800,175.84,600549,3,
2010,2900,181.01,600565,3,
2110,600,64.38,600137,3,
2110,700,69.81,600156,3,
2110,800,75.23,600175,3,
2110,900,80.65,600194,3,
2110,1000,86.07,600213,3,
2110,1100,91.49,600232,3,
2110,1200,96.92,600251,3,
2110,1300,102.34,600270,3,
2110,1400,107.76,600289,3,
2110,1500,113.18,600308,3,
2110,1600,118.6,600327,3,
2110,1700,124.03,600346,3,
2110,1800,129.45,600365,3,
2110,1900,134.87,600384,3,
2110,2000,140.29,600403,3,
2110,2100,145.71,600422,3,
2110,2200,151.14,600441,3,
2110,2300,156.56,600460,3,
2110,2400,161.98,600479,3,
2110,2500,167.4,600498,3,
2110,2600,172.82,600516,3,
2110,2700,178.24,600533,3,
2110,2800,183.67,600550,3,
2210,600,66.72,600138,3,
2210,700,72.4,600157,3,
2210,800,78.07,600176,3,
2210,900,83.74,600195,3,
2210,1000,89.41,600214,3,
2210,1100,95.08,600233,3,
2210,1200,100.75,600252,3,
2210,1300,106.42,600271,3,
2210,1400,112.1,600290,3,
2210,1500,117.77,600309,3,
2210,1600,123.44,600328,3,
2210,1700,129.11,600347,3,
2210,1800,134.78,600366,3,
2210,1900,140.45,600385,3,
2210,2000,146.13,600404,3,
2210,2100,151.8,600423,3,
2210,2200,157.47,600442,3,
2210,2300,163.14,600461,3,
2210,2400,168.81,600480,3,
2210,2500,174.48,600499,3,
2210,2600,180.16,600517,3,
2210,2700,185.83,600534,3,
2310,600,69.06,600139,3,
2310,700,74.98,600158,3,
2310,800,80.91,600177,3,
2310,900,86.83,600196,3,
2310,1000,92.75,600215,3,
2310,1100,98.67,600234,3,
2310,1200,104.59,600253,3,
2310,1300,110.51,600272,3,
2310,1400,116.43,600291,3,
2310,1500,122.35,600310,3,
2310,1600,128.28,600329,3,
2310,1700,134.2,600348,3,
2310,1800,140.12,600367,3,
2310,1900,146.04,600386,3,
2310,2000,151.96,600405,3,
2310,2100,157.88,600424,3,
2310,2200,163.8,600443,3,
2310,2300,169.72,600462,3,
2310,2400,175.65,600481,3,
2310,2500,181.57,600500,3,
2410,600,71.4,600140,3,
2410,700,77.57,600159,3,
2410,800,83.74,600178,3,
2410,900,89.91,600197,3,
2410,1000,96.09,600216,3,
2410,1100,102.26,600235,3,
2410,1200,108.43,600254,3,
2410,1300,114.6,600273,3,
2410,1400,120.77,600292,3,
2410,1500,126.94,600311,3,
2410,1600,133.11,600330,3,
2410,1700,139.28,600349,3,
2410,1800,145.45,600368,3,
2410,1900,151.62,600387,3,
2410,2000,157.79,600406,3,
2410,2100,163.97,600425,3,
2410,2200,170.14,600444,3,
2410,2300,176.31,600463,3,
2410,2400,182.48,600482,3,
